<?xml version="1.0" encoding="UTF-8"?>
<Configuration status="WARN" monitorInterval="30">
    <Properties>
        <Property name="LOG_PATTERN">
            %d{yyyy-MM-dd HH:mm:ss} %5p ${hostName} %-5level %logger{36} - %msg%n
         </Property>
    </Properties>
    <Appenders>
        <Console name="ConsoleAppender" target="SYSTEM_OUT" follow="true">
            <PatternLayout pattern="${LOG_PATTERN}"/>
        </Console>

        <!-- Rolling File Appender -->
        <RollingFile name="FileAppender" fileName="/opt/MicroServicelogs/Mslogs.log"
                     filePattern="Mslogs.log">
            <PatternLayout>
                <Pattern>${LOG_PATTERN}</Pattern> 
            </PatternLayout>
            <Policies>
               <SizeBasedTriggeringPolicy size="10MB" />
            </Policies>
            <DefaultRolloverStrategy max="10"/>
        </RollingFile>
       
        <SMTP name="MailAppender"
              subject="Logs from RTR Micro Service mailing center"
              to="rasminmi@in.ibm.com,pgajwan1@in.ibm.com,aastjain@in.ibm.com"
              from="MSALerts@test.com"
              smtpHost="smtp.sendgrid.net"
              smtpPort="587"
              smtpUsername="saravanakumar.rajendran@in.ibm.com"
              smtpPassword="Welcome2ibm"
              bufferSize="1">
            <ThresholdFilter level="ERROR" onMatch="ACCEPT" onMismatch="DENY"/>
            <PatternLayout>
                <Pattern>${LOG_PATTERN}</Pattern>
            </PatternLayout>
        </SMTP>
    </Appenders>
    <Loggers>
        <AsyncLogger name="io.swagger.client.controller" level="info"
                     additivity="true">
            <AppenderRef ref="ConsoleAppender" />
            <AppenderRef ref="FileAppender" />
        </AsyncLogger>

        <Root level="INFO">
            <AppenderRef ref="ConsoleAppender" />
            <AppenderRef ref="FileAppender" />
             <AppenderRef ref="MailAppender" />
        </Root>
    </Loggers>
</Configuration>